MODULI PRIVACY PRESSO L'INFO POINT;;;;;;;;;;;;;
;;;;;;;;;;;;;
;;;;;;;;;;;;;
NOME;;;COGNOME;;;CITTA;;;INDIRIZZO MAIL;;;;
Pò;;;Philpotts;;;Quesada;;;vphilpotts0@sourceforge.net;;;;
Lauréna;;;Shewry;;;Taldykorgan;;;rshewry1@behance.net;;;;
Mégane;;;Ellam;;;Spitsevka;;;kellam2@patch.com;;;;
Renée;;;Pleace;;;Qacha’s Nek;;;tpleace3@taobao.com;;;;
Estève;;;Ericssen;;;Ignalina;;;iericssen4@taobao.com;;;;
Maëlla;;;Dudleston;;;Porto Ferreira;;;pdudleston5@ft.com;;;;
Athéna;;;Esel;;;Mojogajeh;;;sesel6@ezinearticles.com;;;;
Méghane;;;Rippin;;;Taquile;;;trippin7@myspace.com;;;;
Ruò;;;Rossoni;;;Strachówka;;;arossoni8@opera.com;;;;
Tán;;;Guice;;;Mabini;;;pguice9@dyndns.org;;;;
Aurélie;;;Ferreo;;;Coronel Martínez;;;dferreoa@linkedin.com;;;;
Noémie;;;Crichmere;;;Flic en Flac;;;gcrichmereb@oaic.gov.au;;;;
Almérinda;;;De Biasio;;;San Francisco;;;ddebiasioc@blog.com;;;;
Stévina;;;Stenning;;;Trebisht-Muçinë;;;mstenningd@zimbio.com;;;;
Chloé;;;Goodwill;;;Shinaihai;;;lgoodwille@sohu.com;;;;
Léa;;;Heitz;;;Replot;;;sheitzf@cargocollective.com;;;;
Börje;;;Allcoat;;;Baoshi;;;kallcoatg@ft.com;;;;
Ráo;;;Gytesham;;;San José de Colinas;;;mgyteshamh@blogger.com;;;;
Rachèle;;;Blouet;;;Bordeaux;;;cbloueti@discuz.net;;;;
Anaëlle;;;Aron;;;Olejet;;;taronj@macromedia.com;;;;
Tú;;;Pelman;;;Āq Qāyeh;;;fpelmank@last.fm;;;;
Dù;;;McMurraya;;;Klenak;;;nmcmurrayal@toplist.cz;;;;
Anaëlle;;;Skillington;;;Ampatuan;;;mskillingtonm@si.edu;;;;
Naéva;;;Cluer;;;Oslo;;;acluern@businessinsider.com;;;;
Erwéi;;;Pomeroy;;;Kasingan;;;mpomeroyo@cnn.com;;;;
Annotés;;;Cadwaladr;;;Daiyue;;;mcadwaladrp@google.com.au;;;;
Maëlys;;;Godfroy;;;Brody;;;pgodfroyq@weibo.com;;;;
Kévina;;;Obert;;;Ikedachō;;;mobertr@whitehouse.gov;;;;
Josée;;;Beaglehole;;;Diamantina;;;jbeagleholes@seesaa.net;;;;
Aurélie;;;Hynde;;;Apoya;;;ahyndet@soundcloud.com;;;;
Solène;;;Plumridge;;;Malapaubhara;;;lplumridgeu@time.com;;;;
Maéna;;;Joplin;;;Yemva;;;sjoplinv@php.net;;;;
Eugénie;;;Treble;;;Shencang;;;vtreblew@feedburner.com;;;;
Dà;;;Embery;;;San Antonio Suchitepéquez;;;lemberyx@ucoz.com;;;;
Mélissandre;;;Barkaway;;;Tayginka;;;mbarkawayy@tumblr.com;;;;
Médiamass;;;Folbigg;;;Tabūk;;;ufolbiggz@state.gov;;;;
Cléopatre;;;Skottle;;;Salcedo;;;cskottle10@a8.net;;;;
Lài;;;Lowndesbrough;;;Novorossiysk;;;elowndesbrough11@github.com;;;;
Wá;;;Davidzon;;;Ożarowice;;;kdavidzon12@photobucket.com;;;;
Lén;;;Betts;;;Maibu;;;rbetts13@nbcnews.com;;;;
Léone;;;Desseine;;;Lixin;;;edesseine14@washington.edu;;;;
Françoise;;;Cohan;;;Idfu;;;dcohan15@instagram.com;;;;
Joséphine;;;Mattheeuw;;;Hongguang;;;bmattheeuw16@examiner.com;;;;
Bérangère;;;Pegden;;;Būrewāla;;;bpegden17@wisc.edu;;;;
Táng;;;Judge;;;Giồng Trôm;;;sjudge18@networkadvertising.org;;;;
Börje;;;Belcher;;;Teknāf;;;lbelcher19@cbslocal.com;;;;
Lèi;;;McMenemy;;;Ceerigaabo;;;gmcmenemy1a@goo.gl;;;;
Judicaël;;;Scutching;;;Tongqiao;;;vscutching1b@hostgator.com;;;;
Nélie;;;Pichan;;;Kara Suu;;;mpichan1c@google.com;;;;
Méryl;;;Metzig;;;Gavião;;;jmetzig1d@mapy.cz;;;;
Eliès;;;Veregan;;;Borūjerd;;;fveregan1e@creativecommons.org;;;;
Maïly;;;Chmiel;;;Kamiiso;;;achmiel1f@homestead.com;;;;
Eléonore;;;Kail;;;Fresnes;;;nkail1g@tinypic.com;;;;
Andrée;;;Mettericke;;;Kabar Utara;;;rmettericke1h@live.com;;;;
Méng;;;Tait;;;Pechora;;;mtait1i@facebook.com;;;;
Loïca;;;Heinsen;;;Sung Noen;;;cheinsen1j@ehow.com;;;;
Maëly;;;Quilligan;;;Kusheriki;;;aquilligan1k@vimeo.com;;;;
Noëlla;;;Reinhart;;;Khawr Maksar;;;hreinhart1l@globo.com;;;;
Maëlle;;;Nielson;;;Bamenda;;;dnielson1m@opera.com;;;;
Maëlla;;;Fogt;;;Vareiá;;;rfogt1n@icq.com;;;;
Eloïse;;;Mariault;;;Quma;;;hmariault1o@pen.io;;;;
Léonie;;;Handslip;;;Bulakbanjar;;;nhandslip1p@amazon.co.uk;;;;
Maëlyss;;;Blackborne;;;Aramecina;;;ablackborne1q@storify.com;;;;
Célia;;;Carr;;;Villefranche-sur-Mer;;;ecarr1r@stanford.edu;;;;
Andréanne;;;Rattrie;;;Cahors;;;irattrie1s@wikipedia.org;;;;
Magdalène;;;Heeks;;;Rongmei;;;dheeks1t@state.gov;;;;
Mårten;;;Braker;;;Taibao;;;cbraker1u@fc2.com;;;;
Régine;;;Potkin;;;Guayabo Dulce;;;kpotkin1v@dailymail.co.uk;;;;
Annotés;;;Huniwall;;;Curug;;;jhuniwall1w@t.co;;;;
Maï;;;Oen;;;Garibaldi;;;poen1x@google.co.jp;;;;
Gaétane;;;Myton;;;Kitamilo;;;amyton1y@nhs.uk;;;;
Maëlle;;;Blower;;;Montenegro;;;ablower1z@eepurl.com;;;;
Agnès;;;Bakhrushkin;;;Tulsa;;;rbakhrushkin20@hc360.com;;;;
Mà;;;Vigar;;;Xifangcheng;;;bvigar21@harvard.edu;;;;
Gaïa;;;Carik;;;Unisław;;;jcarik22@nytimes.com;;;;
Faîtes;;;Cawkill;;;Edéa;;;rcawkill23@hud.gov;;;;
Zoé;;;Gwinnel;;;Innoshima;;;mgwinnel24@umn.edu;;;;
Célestine;;;MacNucator;;;Dili;;;tmacnucator25@hostgator.com;;;;
Fèi;;;Posvner;;;Birnin Kebbi;;;oposvner26@ox.ac.uk;;;;
Ophélie;;;Bertomeu;;;Looc;;;jbertomeu27@cbsnews.com;;;;
Tú;;;Vanelli;;;Apodi;;;ovanelli28@shinystat.com;;;;
Åke;;;Trevor;;;Xiabaishi;;;utrevor29@archive.org;;;;
Ruì;;;Orrah;;;Dowsk;;;eorrah2a@senate.gov;;;;
Yáo;;;Cawcutt;;;Xijia;;;dcawcutt2b@fema.gov;;;;
Michèle;;;Osorio;;;Pokrovskoye-Streshnëvo;;;oosorio2c@yahoo.co.jp;;;;
Réservés;;;Oliva;;;Isahaya;;;soliva2d@trellian.com;;;;
Yáo;;;Brayley;;;Ängelholm;;;jbrayley2e@ox.ac.uk;;;;
Marylène;;;Hriinchenko;;;Auray;;;ahriinchenko2f@1und1.de;;;;
Björn;;;Brockington;;;Qazax;;;mbrockington2g@accuweather.com;;;;
Mà;;;Spivie;;;Jingling;;;kspivie2h@redcross.org;;;;
Aloïs;;;McNamara;;;Maco;;;lmcnamara2i@dailymotion.com;;;;
Fèi;;;Harragin;;;Afonsoeiro;;;fharragin2j@illinois.edu;;;;
Valérie;;;Ector;;;Busay;;;cector2k@cam.ac.uk;;;;
Séverine;;;Skiggs;;;Anuling;;;nskiggs2l@unblog.fr;;;;
Marie-thérèse;;;Longthorn;;;Az Zuwaytīnah;;;mlongthorn2m@sina.com.cn;;;;
Yè;;;Boise;;;Jawf al Maqbābah;;;pboise2n@dmoz.org;;;;
Estée;;;Drogan;;;Fushë-Bulqizë;;;ddrogan2o@meetup.com;;;;
Lóng;;;Flaubert;;;Hexi;;;lflaubert2p@who.int;;;;
Naéva;;;Featherstonhaugh;;;Le Mans;;;mfeatherstonhaugh2q@ftc.gov;;;;
Ruò;;;Simoni;;;Bor;;;bsimoni2r@cnn.com;;;;
