6 Thompson Way;jduckels0@e-recht24.de;Lukavice;Jemmie;Duckels
4 Express Hill;hdarth1@flickr.com;Pojok;Herold;Darth
68103 Dennis Trail;cmcdowell2@gov.uk;Bang Racham;Claude;McDowell
37 Jay Way;sargue3@sogou.com;Salvaleón de Higüey;Samuel;Argue
84048 Fallview Lane;aportch4@usa.gov;Guimarães;Ag;Portch
31561 Green Crossing;lportman5@cam.ac.uk;Kedungbacin;Lishe;Portman
19 Duke Crossing;carmal6@quantcast.com;Tabouda;Chandra;Armal
35 Myrtle Street;gblenkinsopp7@nyu.edu;Trzcinica;Greg;Blenkinsopp
39 Homewood Place;blunam8@bloglovin.com;Resende;Boris;Lunam
32221 Debra Center;ozammett9@china.com.cn;Igbo-Ukwu;Ody;Zammett
12 Sheridan Point;zblossa@cnet.com;Novoorsk;Zola;Bloss
64897 Upham Drive;hpontefractb@homestead.com;Hernández;Hardy;Pontefract
26 Valley Edge Road;mwrightamc@gmpg.org;Tanbu;Mycah;Wrightam
1475 Fallview Court;esibbitd@lulu.com;Dongbei;Elana;Sibbit
434 Garrison Parkway;sstubbingse@pen.io;Huacapampa;Seamus;Stubbings
224 Porter Circle;dslimanf@eventbrite.com;Podgornaya;Deeann;Sliman
4293 Schlimgen Terrace;ohollylandg@un.org;Umeå;Oralla;Hollyland
88 Nancy Point;wgulkh@dagondesign.com;Jhumra;Wake;Gulk
9543 Bluejay Avenue;elingwoodi@youku.com;Khisarya;Elly;Lingwood
2 Messerschmidt Hill;jmannaghj@google.com.hk;Hässleholm;Junia;Mannagh
60 Hanson Terrace;asteadek@slashdot.org;Raojān;Ainslee;Steade
70614 Atwood Plaza;kphairl@booking.com;Ngajum;Kellyann;Phair
915 Glendale Court;fgreenstedm@oaic.gov.au;Xinminxiang;Friedrich;Greensted
4 Old Shore Road;aclibberyn@weebly.com;Krasnodon;Anthony;Clibbery
4 Cody Pass;bredlero@github.com;Dingshu;Broddy;Redler
75 Orin Parkway;mmauricep@cisco.com;Hongtang;Melba;Maurice
89290 Longview Plaza;egooderq@wufoo.com;Várzea da Serra;Emelda;Gooder
1 Farwell Pass;lcorserr@typepad.com;Krimpen aan den IJssel;Lanny;Corser
0688 Surrey Trail;askaids@github.com;‘Uzeir;Andrea;Skaid
21609 Michigan Terrace;sbansteadt@vistaprint.com;Santo Tomas;Sherry;Banstead
90876 Morningstar Trail;wpallantu@hhs.gov;Guatraché;Worden;Pallant
079 Sundown Junction;mepiletv@house.gov;Xia’ertai;Marty;Epilet
71 Fair Oaks Crossing;scustedw@desdev.cn;Dadong’ao;Shirlee;Custed
8 Killdeer Park;nbelliveaux@tripod.com;Wanurian;Nicole;Belliveau
294 Heath Road;zcromartyy@goo.gl;Tangnanzhen;Zondra;Cromarty
8 Sage Street;alingfootz@blinklist.com;Nar'yan-Mar;Alida;Lingfoot
6 Ilene Street;pgreenslade10@newyorker.com;Yefremov;Paulette;Greenslade
49725 Butternut Hill;bshieldon11@mysql.com;Ebebiyin;Brion;Shieldon
4618 Pleasure Hill;smartt12@cornell.edu;San Agustin;Sindee;Martt
02192 Cascade Plaza;mmackney13@opensource.org;Tidili Mesfioua;Malinde;Mackney
2 Hudson Park;kedis14@about.com;Caçapava;Kerrie;Edis
9332 Moulton Hill;jbrass15@ft.com;Le Lamentin;Jesus;Brass
4449 Erie Street;tnutbeam16@webmd.com;Västra Frölunda;Tessy;Nutbeam
17 Cordelia Terrace;bbridie17@github.io;Noeltoko;Burlie;Bridie
01498 Farragut Way;cbirkett18@biglobe.ne.jp;Balaklava;Clo;Birkett
33950 Butternut Avenue;lpena19@yelp.com;Jiangluo;Luce;Pena
63915 Summer Ridge Place;dwashington1a@reverbnation.com;Breda;Dag;Washington
370 Florence Crossing;cfawson1b@multiply.com;Jinjiang;Celestine;Fawson
393 Arapahoe Pass;bbedding1c@xrea.com;Nggalak;Boone;Bedding
341 Lukken Trail;asecret1d@hud.gov;Kassándreia;Alanson;Secret
6417 Kennedy Junction;fabelovitz1e@mlb.com;Sokolnice;Fulvia;Abelovitz
353 Shopko Drive;kellor1f@adobe.com;Estique;Karolina;Ellor
03395 Kensington Junction;ccarlesso1g@51.la;Verkhnya Syrovatka;Candace;Carlesso
1689 Tennyson Avenue;kbeininck1h@cmu.edu;Selizharovo;Kalli;Beininck
3 Mallory Plaza;mlamborne1i@wufoo.com;Lipin Bor;Marcie;Lamborne
55 Stuart Terrace;gdodle1j@privacy.gov.au;Luobuqiongzi;Garfield;Dodle
6 Transport Circle;mhiggen1k@nationalgeographic.com;Lebahseri;Marna;Higgen
71083 Butternut Way;ibrasted1l@w3.org;Podhum;Izzy;Brasted
47896 Vermont Drive;ogallear1m@furl.net;Dziemiany;Odey;Gallear
20 Kings Court;spanniers1n@prlog.org;Tirmiz;Shoshana;Panniers
24 Commercial Crossing;amylchreest1o@reddit.com;Lowayu;Adriena;Mylchreest
85 Arkansas Point;ffransman1p@un.org;Tromsø;Franky;Fransman
6 Arapahoe Circle;shess1q@examiner.com;Pagelaran;Sheila;Hess
08815 Northport Center;dpennetta1r@vimeo.com;Nýřany;Dehlia;Pennetta
5 Old Shore Point;njulien1s@sun.com;Shangsha;Natalie;Julien
02330 Bellgrove Park;gblacklidge1t@dropbox.com;Waitun;Georgi;Blacklidge
996 Mendota Street;hnorvill1u@cdc.gov;Hexi;Hakeem;Norvill
0334 Pepper Wood Road;akerwen1v@sourceforge.net;Tabiauan;Angeli;Kerwen
53134 Clemons Pass;tashborne1w@cpanel.net;Chicago;Tory;Ashborne
6922 Shelley Center;asibyllina1x@cbslocal.com;Ta Khmau;Adriane;Sibyllina
633 Monterey Road;mmaulin1y@ovh.net;Kap Choeng;Merry;Maulin
1442 School Drive;dbrushneen1z@yahoo.co.jp;Priyutovo;Dirk;Brushneen
03 Straubel Avenue;jrigg20@yahoo.com;Mahanoro;Jere;Rigg
25 Chinook Alley;hclipston21@nbcnews.com;Ngerengere;Harper;Clipston
62270 John Wall Road;ktowsey22@mapquest.com;Joaquín V. González;Kimball;Towsey
46 Warner Pass;lwooffinden23@hhs.gov;San Carlos de Bariloche;Linet;Wooffinden
32 Bluestem Drive;dcopnell24@ft.com;Sabirabad;Dyan;Copnell
4896 Westend Street;egaler25@cam.ac.uk;Marcabamba;Elwin;Galer
3594 Sugar Road;esimoni26@fc2.com;Surkhakhi;Enrico;Simoni
9239 Mallory Court;eswanborrow27@icq.com;Polo;Erhart;Swanborrow
80888 Everett Street;sfathers28@google.com.hk;Weifen;Shawna;Fathers
919 Karstens Drive;eeidler29@t.co;Goseong;Evaleen;Eidler
1 Di Loreto Crossing;gfarlamb2a@ucoz.com;Kafr ad Dīk;Gretal;Farlamb
5529 Luster Street;rcrimpe2b@wufoo.com;Nanpiao;Rowland;Crimpe
04619 Washington Trail;lfullbrook2c@tmall.com;Yushang;Lukas;Fullbrook
613 Towne Trail;msleeny2d@reuters.com;Chigorodó;Myrtia;Sleeny
9873 Luster Hill;charm2e@arstechnica.com;Lluka e Eperme;Christel;Harm
6126 West Court;gbrandes2f@state.gov;Halimpu;Gennifer;Brandes
30 Prairieview Hill;pfriend2g@people.com.cn;Dayr al Ghuşūn;Padget;Friend
7560 Sunbrook Street;smaclaren2h@ifeng.com;Cibunar;Sallee;MacLaren
53105 Banding Place;kbrockie2i@mlb.com;Kaesŏng;Kellyann;Brockie
6156 Michigan Court;khould2j@prlog.org;Aţ Ţurrah;Kalil;Hould
3713 Katie Drive;aagates2k@hud.gov;Sinargalih;Axe;Agates
3 Fremont Junction;sromero2l@ftc.gov;Chafé;Sheri;Romero
89 Amoth Plaza;astanger2m@arizona.edu;Paris 03;Adrian;Stanger
60467 Anderson Terrace;dchesterman2n@un.org;Martingança-Gare;Debi;Chesterman
6913 Eggendart Road;pbrolan2o@cdbaby.com;Guanajay;Putnem;Brolan
5 Fairview Trail;esante2p@virginia.edu;Kuma;Ermengarde;Sante
7 Hoffman Crossing;fcopelli2q@intel.com;Novouzensk;Farly;Copelli
2 Manley Drive;hgalgey2r@phpbb.com;Jinjing;Hamil;Galgey
